AUS Central Standard Time	Australia/Darwin
AUS Eastern Standard Time	Australia/Sydney
Afghanistan Standard Time	Asia/Kabul
Africa/Asmera	Africa/Asmara
Africa/Bamako	Africa/Abidjan
Africa/Banjul	Africa/Abidjan
Africa/Conakry	Africa/Abidjan
Africa/Dakar	Africa/Abidjan
Africa/Freetown	Africa/Abidjan
Africa/Juba	Africa/Khartoum
Africa/Lome	Africa/Abidjan
Africa/Nouakchott	Africa/Abidjan
Africa/Ouagadougou	Africa/Abidjan
Africa/Sao_Tome	Africa/Abidjan
Africa/Timbuktu	Africa/Abidjan
Alaskan Standard Time	America/Anchorage
America/Anguilla	America/Port_of_Spain
America/Argentina/ComodRivadavia	America/Argentina/Catamarca
America/Aruba	America/Curacao
America/Atka	America/Adak
America/Buenos_Aires	America/Argentina/Buenos_Aires
America/Catamarca	America/Argentina/Catamarca
America/Coral_Harbour	America/Atikokan
America/Cordoba	America/Argentina/Cordoba
America/Dominica	America/Port_of_Spain
America/Ensenada	America/Tijuana
America/Fort_Wayne	America/Indiana/Indianapolis
America/Grenada	America/Port_of_Spain
America/Guadeloupe	America/Port_of_Spain
America/Indianapolis	America/Indiana/Indianapolis
America/Jujuy	America/Argentina/Jujuy
America/Knox_IN	America/Indiana/Knox
America/Kralendijk	America/Curacao
America/Louisville	America/Kentucky/Louisville
America/Lower_Princes	America/Curacao
America/Marigot	America/Port_of_Spain
America/Mendoza	America/Argentina/Mendoza
America/Montserrat	America/Port_of_Spain
America/Porto_Acre	America/Rio_Branco
America/Rosario	America/Argentina/Cordoba
America/Shiprock	America/Denver
America/St_Barthelemy	America/Port_of_Spain
America/St_Kitts	America/Port_of_Spain
America/St_Lucia	America/Port_of_Spain
America/St_Thomas	America/Port_of_Spain
America/St_Vincent	America/Port_of_Spain
America/Tortola	America/Port_of_Spain
America/Virgin	America/Port_of_Spain
Antarctica/McMurdo	Pacific/Auckland
Antarctica/South_Pole	Pacific/Auckland
Arab Standard Time	Asia/Riyadh
Arabian Standard Time	Asia/Dubai
Arabic Standard Time	Asia/Baghdad
Arctic/Longyearbyen	Europe/Oslo
Argentina Standard Time	America/Buenos_Aires
Asia/Ashkhabad	Asia/Ashgabat
Asia/Calcutta	Asia/Kolkata
Asia/Chongqing	Asia/Shanghai
Asia/Chungking	Asia/Shanghai
Asia/Dacca	Asia/Dhaka
Asia/Harbin	Asia/Shanghai
Asia/Istanbul	Europe/Istanbul
Asia/Kashgar	Asia/Urumqi
Asia/Katmandu	Asia/Kathmandu
Asia/Macao	Asia/Macau
Asia/Saigon	Asia/Ho_Chi_Minh
Asia/Tel_Aviv	Asia/Jerusalem
Asia/Thimbu	Asia/Thimphu
Asia/Ujung_Pandang	Asia/Makassar
Asia/Ulan_Bator	Asia/Ulaanbaatar
Atlantic Standard Time	America/Halifax
Atlantic/Faeroe	Atlantic/Faroe
Atlantic/Jan_Mayen	Europe/Oslo
Atlantic/St_Helena	Africa/Abidjan
Australia/ACT	Australia/Sydney
Australia/Canberra	Australia/Sydney
Australia/LHI	Australia/Lord_Howe
Australia/NSW	Australia/Sydney
Australia/North	Australia/Darwin
Australia/Queensland	Australia/Brisbane
Australia/South	Australia/Adelaide
Australia/Tasmania	Australia/Hobart
Australia/Victoria	Australia/Melbourne
Australia/West	Australia/Perth
Australia/Yancowinna	Australia/Broken_Hill
Azerbaijan Standard Time	Asia/Baku
Azores Standard Time	Atlantic/Azores
Bahia Standard Time	America/Bahia
Bangladesh Standard Time	Asia/Dhaka
Brazil/Acre	America/Rio_Branco
Brazil/DeNoronha	America/Noronha
Brazil/East	America/Sao_Paulo
Brazil/West	America/Manaus
Canada Central Standard Time	America/Regina
Canada/Atlantic	America/Halifax
Canada/Central	America/Winnipeg
Canada/East-Saskatchewan	America/Regina
Canada/Eastern	America/Toronto
Canada/Mountain	America/Edmonton
Canada/Newfoundland	America/St_Johns
Canada/Pacific	America/Vancouver
Canada/Saskatchewan	America/Regina
Canada/Yukon	America/Whitehorse
Cape Verde Standard Time	Atlantic/Cape_Verde
Caucasus Standard Time	Asia/Yerevan
Cen. Australia Standard Time	Australia/Adelaide
Central America Standard Time	America/Guatemala
Central Asia Standard Time	Asia/Almaty
Central Brazilian Standard Time	America/Cuiaba
Central Europe Standard Time	Europe/Budapest
Central European Standard Time	Europe/Warsaw
Central Pacific Standard Time	Pacific/Guadalcanal
Central Standard Time	America/Chicago
Central Standard Time (Mexico)	America/Mexico_City
Chile/Continental	America/Santiago
Chile/EasterIsland	Pacific/Easter
China Standard Time	Asia/Shanghai
Cuba	America/Havana
Dateline Standard Time	Etc/GMT+12
E. Africa Standard Time	Africa/Nairobi
E. Australia Standard Time	Australia/Brisbane
E. South America Standard Time	America/Sao_Paulo
Eastern Standard Time	America/New_York
Egypt	Africa/Cairo
Egypt Standard Time	Africa/Cairo
Eire	Europe/Dublin
Ekaterinburg Standard Time	Asia/Yekaterinburg
Etc/GMT+0	Etc/GMT
Etc/GMT-0	Etc/GMT
Etc/GMT0	Etc/GMT
Etc/Greenwich	Etc/GMT
Etc/Universal	Etc/UTC
Etc/Zulu	Etc/UTC
Europe/Belfast	Europe/London
Europe/Bratislava	Europe/Prague
Europe/Busingen	Europe/Zurich
Europe/Guernsey	Europe/London
Europe/Isle_of_Man	Europe/London
Europe/Jersey	Europe/London
Europe/Ljubljana	Europe/Belgrade
Europe/Mariehamn	Europe/Helsinki
Europe/Nicosia	Asia/Nicosia
Europe/Podgorica	Europe/Belgrade
Europe/San_Marino	Europe/Rome
Europe/Sarajevo	Europe/Belgrade
Europe/Skopje	Europe/Belgrade
Europe/Tiraspol	Europe/Chisinau
Europe/Vaduz	Europe/Zurich
Europe/Vatican	Europe/Rome
Europe/Zagreb	Europe/Belgrade
FLE Standard Time	Europe/Kiev
Fiji Standard Time	Pacific/Fiji
GB	Europe/London
GB-Eire	Europe/London
GMT	Etc/GMT
GMT Standard Time	Europe/London
GMT+0	Etc/GMT
GMT-0	Etc/GMT
GMT0	Etc/GMT
GTB Standard Time	Europe/Bucharest
Georgian Standard Time	Asia/Tbilisi
Greenland Standard Time	America/Godthab
Greenwich	Etc/GMT
Greenwich Standard Time	Atlantic/Reykjavik
Hawaiian Standard Time	Pacific/Honolulu
Hongkong	Asia/Hong_Kong
Iceland	Atlantic/Reykjavik
India Standard Time	Asia/Calcutta
Iran	Asia/Tehran
Iran Standard Time	Asia/Tehran
Israel	Asia/Jerusalem
Israel Standard Time	Asia/Jerusalem
Jamaica	America/Jamaica
Japan	Asia/Tokyo
Jordan Standard Time	Asia/Amman
Kaliningrad Standard Time	Europe/Kaliningrad
Korea Standard Time	Asia/Seoul
Kwajalein	Pacific/Kwajalein
Libya	Africa/Tripoli
Libya Standard Time	Africa/Tripoli
Magadan Standard Time	Asia/Magadan
Mauritius Standard Time	Indian/Mauritius
Mexico/BajaNorte	America/Tijuana
Mexico/BajaSur	America/Mazatlan
Mexico/General	America/Mexico_City
Middle East Standard Time	Asia/Beirut
Montevideo Standard Time	America/Montevideo
Morocco Standard Time	Africa/Casablanca
Mountain Standard Time	America/Denver
Mountain Standard Time (Mexico)	America/Chihuahua
Myanmar Standard Time	Asia/Rangoon
N. Central Asia Standard Time	Asia/Novosibirsk
NZ	Pacific/Auckland
NZ-CHAT	Pacific/Chatham
Namibia Standard Time	Africa/Windhoek
Navajo	America/Denver
Nepal Standard Time	Asia/Katmandu
New Zealand Standard Time	Pacific/Auckland
Newfoundland Standard Time	America/St_Johns
North Asia East Standard Time	Asia/Irkutsk
North Asia Standard Time	Asia/Krasnoyarsk
PRC	Asia/Shanghai
Pacific SA Standard Time	America/Santiago
Pacific Standard Time	America/Los_Angeles
Pacific Standard Time (Mexico)	America/Santa_Isabel
Pacific/Johnston	Pacific/Honolulu
Pacific/Ponape	Pacific/Pohnpei
Pacific/Samoa	Pacific/Pago_Pago
Pacific/Truk	Pacific/Chuuk
Pacific/Yap	Pacific/Chuuk
Pakistan Standard Time	Asia/Karachi
Paraguay Standard Time	America/Asuncion
Poland	Europe/Warsaw
Portugal	Europe/Lisbon
ROC	Asia/Taipei
ROK	Asia/Seoul
Romance Standard Time	Europe/Paris
Russian Standard Time	Europe/Moscow
SA Eastern Standard Time	America/Cayenne
SA Pacific Standard Time	America/Bogota
SA Western Standard Time	America/La_Paz
SE Asia Standard Time	Asia/Bangkok
Samoa Standard Time	Pacific/Apia
Singapore	Asia/Singapore
Singapore Standard Time	Asia/Singapore
South Africa Standard Time	Africa/Johannesburg
Sri Lanka Standard Time	Asia/Colombo
Syria Standard Time	Asia/Damascus
Taipei Standard Time	Asia/Taipei
Tasmania Standard Time	Australia/Hobart
Tokyo Standard Time	Asia/Tokyo
Tonga Standard Time	Pacific/Tongatapu
Turkey	Europe/Istanbul
Turkey Standard Time	Europe/Istanbul
UCT	Etc/UCT
US Eastern Standard Time	America/Indianapolis
US Mountain Standard Time	America/Phoenix
US/Alaska	America/Anchorage
US/Aleutian	America/Adak
US/Arizona	America/Phoenix
US/Central	America/Chicago
US/East-Indiana	America/Indiana/Indianapolis
US/Eastern	America/New_York
US/Hawaii	Pacific/Honolulu
US/Indiana-Starke	America/Indiana/Knox
US/Michigan	America/Detroit
US/Mountain	America/Denver
US/Pacific	America/Los_Angeles
US/Samoa	Pacific/Pago_Pago
UTC	Etc/UTC
UTC+12	Etc/GMT-12
UTC-02	Etc/GMT+2
UTC-11	Etc/GMT+11
Ulaanbaatar Standard Time	Asia/Ulaanbaatar
Universal	Etc/UTC
Venezuela Standard Time	America/Caracas
Vladivostok Standard Time	Asia/Vladivostok
W-SU	Europe/Moscow
W. Australia Standard Time	Australia/Perth
W. Central Africa Standard Time	Africa/Lagos
W. Europe Standard Time	Europe/Berlin
West Asia Standard Time	Asia/Tashkent
West Pacific Standard Time	Pacific/Port_Moresby
Yakutsk Standard Time	Asia/Yakutsk
Zulu	Etc/UTC